category,status,title,slug,url,tags,description
action,listed,Abyssal Archive Diver — 어비셜 아카이브 다이버,abyssal-archive-diver,https://games.eastsea.xyz/abyssal-archive-diver/,"action, reflex, arcade",심해 보관소에서 잠수정을 조종해 잔해를 회피하고 유물 캡슐을 회수하는 생존 아케이드. 산소·선체 관리와 최고 점수 저장 지원.
action,listed,Astrofoil Signal Regatta — 애스트로포일 시그널 레가타,astrofoil-signal-regatta,https://games.eastsea.xyz/astrofoil-signal-regatta/,"action, reflex, arcade","3레인 우주 수면에서 솔라 세일을 조종해 신호 부이를 수집하고 파편을 회피하는 아케이드 러너. Pulse 부스트, 체인 배율, 최고 점수 localStorage 저장 지원."
action,listed,Aurora Rail Rescue — 오로라 레일 레스큐,aurora-rail-rescue,https://games.eastsea.xyz/aurora-rail-rescue/,"action, reflex, arcade",3레인 오로라 철로에서 좌우 이동·펄스로 파편을 피하고 구조 포드를 회수하는 하이퍼 리액션 러너. 거리·체인·실드 관리와 최고 기록 저장 지원.
action,listed,Aurora Threadline Pilot — 오로라 스레드라인 파일럿,aurora-threadline-pilot,https://games.eastsea.xyz/aurora-threadline-pilot/,"action, reflex, arcade",곡선형 오로라 항로에 기체를 맞춰 비행하며 에너지 오브를 수집하고 폭풍 노드를 회피하는 라인-트래킹 액션.
action,listed,Chrono Sandglass Smuggler — 크로노 샌드글래스 스머글러,chrono-sandglass-smuggler,https://games.eastsea.xyz/chrono-sandglass-smuggler/,"action, reflex, arcade","좌우 이동과 시간 정지(FREEZE) 에너지를 관리해 장벽을 회피하고 카고를 회수하는 스텔스 러너. 터치/키보드, Web Audio, 최고 점수 저장 지원."
action,listed,Driftglass Parry — 드리프트글래스 패리,driftglass-parry,https://games.eastsea.xyz/driftglass-parry/,"action, reflex, arcade","좌우 이동과 홀드 패링으로 낙하 파편을 반사·회피하며 생존 점수를 겨루는 액션. 터치/키보드, Web Audio, 최고 점수 저장 지원."
action,listed,Echo Runner — 시간 분신 협동 러너,echo-runner,https://games.eastsea.xyz/echo-runner/,"action, reflex, arcade",Echo Runner — 시간 분신 협동 러너 — 브라우저에서 바로 플레이!
action,listed,Emberline Skyhook Run — 엠버라인 스카이훅 런,emberline-skyhook-run,https://games.eastsea.xyz/emberline-skyhook-run/,"action, reflex, arcade","공중 레일에서 Skyhook를 좌우 전환·부스트로 조종해 에너지 링을 수집하고 충돌 드론을 회피하는 액션 러너. 터치/키보드, Web Audio, 최고 점수 저장 지원."
action,listed,Ferro Reef Ballast — 페로 리프 밸러스트,ferro-reef-ballast,https://games.eastsea.xyz/ferro-reef-ballast/,"action, reflex, arcade","좌우 밸러스트를 조절해 잠수정 기울기·압력을 버티며 암초를 회피하는 심해 생존 액션. 터치/키보드, Web Audio, 최고 거리 저장 지원."
action,listed,FLUX — Gravity Runner,flux-gravity-runner,https://games.eastsea.xyz/flux-gravity-runner/,"action, reflex, arcade",FLUX — Gravity Runner — 브라우저에서 바로 플레이!
action,listed,Gravity Dash — 중력 반전 러너,gravity-dash,https://games.eastsea.xyz/gravity-dash/,"action, reflex, arcade",Gravity Dash — 중력 반전 러너 — 브라우저에서 바로 플레이!
action,listed,Gravity Flip,gravity-flip,https://games.eastsea.xyz/gravity-flip/,"action, reflex, arcade",Gravity Flip — 브라우저에서 바로 플레이!
action,listed,Gyrovine Relay Sprint — 자이로바인 릴레이 스프린트,gyrovine-relay-sprint,https://games.eastsea.xyz/gyrovine-relay-sprint/,"action, reflex, arcade","원형 궤도에서 릴레이를 회수하고 파편을 회피하는 액션 러너. 좌우 회전·Pulse 스킬, 터치/키보드 입력, 최고 점수 localStorage 저장 지원."
action,listed,Ion Sail Trench Run — 이온 세일 트렌치 런,ion-sail-trench-run,https://games.eastsea.xyz/ion-sail-trench-run/,"action, reflex, arcade","3레인 해구에서 세일러를 좌우 이동·부스트로 조종해 에너지 코어를 수집하고 균열 파편을 회피하는 러너. 터치/키보드, Web Audio, 최고 점수 저장 지원."
action,listed,Magnet Metro Marshal — 마그넷 메트로 마샬,magnet-metro-marshal,https://games.eastsea.xyz/magnet-metro-marshal/,"action, reflex, arcade","3레인 자기부상 열차를 좌우 전환·Pulse로 조종해 승객 캡슐을 수집하고 차단벽을 회피하는 액션 러너. 터치/키보드, Web Audio, 최고 점수 저장 지원."
action,listed,Midnight Harbor Pilotage — 미드나이트 하버 파일러티지,midnight-harbor-pilotage,https://games.eastsea.xyz/midnight-harbor-pilotage/,"action, reflex, arcade",야간 항로에서 3레인 파일럿 보트를 좌우 이동·부스트로 조작해 암초를 회피하고 표지 부이를 연속 수거하는 네비게이션 액션 러너. 거리·스트릭·내구도 관리 지원.
action,listed,Moth Lantern Ascent — 모스 랜턴 어센트,moth-lantern-ascent,https://games.eastsea.xyz/moth-lantern-ascent/,"action, reflex, arcade",나방 글라이더를 좌우 이동·부스트로 조종해 그림자 장벽을 통과하고 랜턴 에너지를 수집하는 생존 액션. 에너지/내구 관리와 최고 점수 저장 지원.
action,listed,Neon Pendulum — 네온 펜듈럼,neon-pendulum,https://games.eastsea.xyz/neon-pendulum/,"action, physics, pendulum, swing, neon",테더를 앵커에 연결해 진자 스윙! 사라지기 전에 빛나는 오브를 수집하라. 5개 소멸 시 게임오버. 실제 진자 물리 메카닉의 네온 스윙 게임.
action,listed,Ninja Star Throw,ninja-star-throw,https://games.eastsea.xyz/ninja-star-throw/,"action, reflex, arcade",
action,listed,Particle Storm Survivor — 파티클 스톰 서바이버,particle-storm-survivor,https://games.eastsea.xyz/particle-storm-survivor/,"action, survivor","화려한 ParticleEmitter 폭풍 속에서 자동 공격으로 웨이브를 버티는 생존 액션. 터치/키보드, 레벨업, 최고 웨이브 저장 지원."
action,listed,Phase Weaver Rails — 위상 레일 러너,phase-weaver-rails,https://games.eastsea.xyz/phase-weaver-rails/,"action, reflex, arcade",3레일에서 위상(Φ0/Φ1)을 전환하며 도착 게이트 조건을 맞추는 무한 러너. 레일+위상 동시 판단과 콤보 스코어 시스템 제공.
action,listed,Plasma Net Defender — 플라즈마 넷 디펜더,plasma-net-defender,https://games.eastsea.xyz/plasma-net-defender/,"action, reflex, arcade",회전 플라즈마 실드와 펄스로 코어를 방어하며 탄막 입자를 반사하는 아케이드 액션. 콤보 점수·최고 기록 저장 지원.
action,listed,Polarity Shift — 폴라리티 시프트,polarity-shift,https://games.eastsea.xyz/polarity-shift/,"action, bullet, polarity, neon, arcade",CYAN/MAGENTA 두 가지 극성을 전환하며 같은 색 탄막을 흡수하라! 틀린 색이 닿으면 피해. 웨이브가 올라갈수록 탄막이 빨라지는 네온 탄막 흡수 아케이드.
action,listed,Polygon Dungeon Survivor,polygon-dungeon,https://games.eastsea.xyz/polygon-dungeon/,"action, reflex, arcade",
action,listed,Quantum Koi Courier — 퀀텀 코이 쿠리어,quantum-koi-courier,https://games.eastsea.xyz/quantum-koi-courier/,"action, reflex, arcade","코이 드론을 좌우 조종해 에너지 진주를 수집하고 소용돌이를 회피하는 하이퍼 수로 러너. 대시(스페이스)와 콤보 기반 점수, 최고 거리 저장 지원."
action,listed,Rune Survivor - 뱀서라이크 생존 게임,rune-survivor,https://games.eastsea.xyz/rune-survivor/,"action, reflex, arcade",
action,listed,Semaphore Sandbar Salvage — 세마포어 샌드바 샐비지,semaphore-sandbar-salvage,https://games.eastsea.xyz/semaphore-sandbar-salvage/,"action, reflex, arcade",모래톱 항로에서 구조정을 좌우 조향·대시로 운항하며 부표를 회수하고 잔해를 회피하는 하이퍼 리액션 액션. 최고 점수 저장 지원.
action,listed,Shadow Blade - Roguelike Survivor,shadow-blade,https://games.eastsea.xyz/shadow-blade/,"action, reflex, arcade",
action,listed,Skyline Seed Runner — 스카이라인 시드 러너,skyline-seed-runner,https://games.eastsea.xyz/skyline-seed-runner/,"action, reflex, arcade",바람 벡터 드리프트를 제어해 씨앗 캡슐을 수거·투하하며 장애물을 회피하는 도심 생태 복원 무한 액션.
action,listed,Sonar Trench Sweeper — 소나 트렌치 스위퍼,sonar-trench-sweeper,https://games.eastsea.xyz/sonar-trench-sweeper/,"action, reflex, arcade","심해 드론을 좌우 조종하고 소나 핑으로 기뢰를 무력화하며 구조 포드를 회수하는 생존 액션. 터치/키보드, Web Audio, 최고 점수 저장 지원."
action,listed,Spell Survivor,spell-survivor,https://games.eastsea.xyz/spell-survivor/,"action, reflex, arcade",
action,listed,Stormglass Skiff Runner — 스톰글래스 스키프 러너,stormglass-skiff-runner,https://games.eastsea.xyz/stormglass-skiff-runner/,"action, reflex, arcade",3레인 폭풍 해역에서 좌우 이동·실드로 파편을 회피하고 비컨을 수집하는 해상 러너. Hull/Charge 관리와 최고 점수 저장 지원.
action,listed,Sunken Signal Kite — 선큰 시그널 카이트,sunken-signal-kite,https://games.eastsea.xyz/sunken-signal-kite/,"action, reflex, arcade","심해 신호 연을 좌우 조종해 비컨을 회수하고 폭뢰를 회피하는 반응형 아케이드. 터치/키보드 입력, Web Audio 효과음, 최고 점수 저장 지원."
action,listed,Vector Vine Swing — 벡터 바인 스윙,vector-vine-swing,https://games.eastsea.xyz/vector-vine-swing/,"action, reflex, arcade","덩굴 글라이더를 좌우 스윙해 에너지 링을 수집하고 균열 기둥을 회피하는 아케이드. 터치/키보드 조작, Web Audio 효과음, 최고 점수 저장 지원."
action,listed,Zombie Wave - Survival Shooter,zombie-wave,https://games.eastsea.xyz/zombie-wave/,"action, reflex, arcade",
action,listed,Zombie Wave Survivor,zombie-wave-survivor,https://games.eastsea.xyz/zombie-wave-survivor/,"action, reflex, arcade",
action,listed,⚔️ Auto Battle Arena - 오토배틀 아레나,auto-battle-arena,https://games.eastsea.xyz/auto-battle-arena/,"action, reflex, arcade",
action,listed,단어 서바이벌 - Word Survivor,word-survivor,https://games.eastsea.xyz/word-survivor/,"action, reflex, arcade",
action,listed,아케인 서바이버 - Arcane Survivor,arcane-survivor,https://games.eastsea.xyz/arcane-survivor/,"action, reflex, arcade",
arcade,listed,Artifact Forge - 유물 대장간,artifact-forge,https://games.eastsea.xyz/artifact-forge/,"arcade, casual, fun",
arcade,listed,Asteroid Dodge - 소행성 회피,asteroid-dodge,https://games.eastsea.xyz/asteroid-dodge/,"arcade, casual, fun",Asteroid Dodge - 소행성 회피 — 브라우저에서 바로 플레이!
arcade,listed,Asteroid Mining Tycoon,asteroid-mining-tycoon,https://games.eastsea.xyz/asteroid-mining-tycoon/,"arcade, action, casual",
arcade,listed,Balloon Pop - Tap Game,balloon-pop,https://games.eastsea.xyz/balloon-pop/,"arcade, casual, fun",
arcade,listed,Blackjack 21,blackjack-21,https://games.eastsea.xyz/blackjack-21/,"arcade, casual, fun",
arcade,listed,Brick Breaker Blast,brick-breaker,https://games.eastsea.xyz/brick-breaker/,"arcade, casual, fun",
arcade,listed,Bubble Pop Chain,bubble-pop-chain,https://games.eastsea.xyz/bubble-pop-chain/,"arcade, casual, fun",
arcade,listed,Bubble Shooter,bubble-shooter,https://games.eastsea.xyz/bubble-shooter/,"arcade, casual, fun",Bubble Shooter — 브라우저에서 바로 플레이!
arcade,listed,Bubble Wrap Pop,bubble-wrap-pop,https://games.eastsea.xyz/bubble-wrap-pop/,"arcade, casual, fun",
arcade,listed,Color Blind — 색맹 시뮬레이션 퍼즐,color-blind,https://games.eastsea.xyz/color-blind/,"arcade, casual, fun",
arcade,listed,Color Chain Reaction,color-chain-reaction,https://games.eastsea.xyz/color-chain-reaction/,"arcade, action, casual",
arcade,listed,Color Flood,color-flood,https://games.eastsea.xyz/color-flood/,"arcade, casual, fun",
arcade,listed,Color Match - 색깔 매칭 게임,color-match,https://games.eastsea.xyz/color-match/,"arcade, casual, fun",Color Match - 색깔 매칭 게임 — 브라우저에서 바로 플레이!
arcade,listed,Color Tap Fast,color-tap-fast,https://games.eastsea.xyz/color-tap-fast/,"arcade, casual, fun",
arcade,listed,Comet Kite Harbor — 코멧 카이트 하버,comet-kite-harbor,https://games.eastsea.xyz/comet-kite-harbor/,"arcade, casual, fun",4개 레인을 오가며 혜성 파편을 회피하고 에너지 오브를 수거하는 항로 액션. 부스트·라이프·스트릭 스코어 제공.
arcade,listed,Connect Four — 사목,connect-four,https://games.eastsea.xyz/connect-four/,"arcade, casual, fun",
arcade,listed,Constellation Courier Zipline — 컨스텔레이션 쿠리어 집라인,constellation-courier-zipline,https://games.eastsea.xyz/constellation-courier-zipline/,"arcade, casual, fun",3레인 집라인에서 목표 별자리 색과 일치하는 패킷만 도킹 전달해 콤보를 쌓는 반응형 아케이드. 색 전환 주기와 속도 상승 관리가 핵심.
arcade,listed,Cookie Clicker Lite — 쿠키 클리커 게임,cookie-clicker-lite,https://games.eastsea.xyz/cookie-clicker-lite/,"arcade, casual, fun",
arcade,listed,Crystal Dash,crystal-dash,https://games.eastsea.xyz/crystal-dash/,"arcade, casual, fun",
arcade,listed,Decay — 시간 붕괴 퍼즐,decay,https://games.eastsea.xyz/decay/,"arcade, casual, fun",
arcade,listed,Dodge Falling - 장애물 피하기,dodge-falling,https://games.eastsea.xyz/dodge-falling/,"arcade, casual, fun",
arcade,listed,DRIFT RACER,drift-racer,https://games.eastsea.xyz/drift-racer/,"racing, speed, driving",
arcade,listed,Drumline Defender,drumline-defender,https://games.eastsea.xyz/drumline-defender/,"arcade, casual, fun",
arcade,listed,Dual Mind — 양손 분할 동시 조작 액션,dual-mind,https://games.eastsea.xyz/dual-mind/,"arcade, casual, fun",
arcade,listed,Echo Drift Harvester,echo-drift-harvester,https://games.eastsea.xyz/echo-drift-harvester/,"arcade, casual, fun",
arcade,listed,Echo Loop Speedway — 에코 루프 스피드웨이,echo-loop-speedway,https://games.eastsea.xyz/echo-loop-speedway/,"racing, arcade, time-loop",이전 루프의 고스트 입력과 현재 플레이를 동기화해 sync gate를 통과하는 3레인 타임-시너지 레이싱 아케이드.
arcade,listed,Elemental TD - 원소 타워 디펜스,elemental-td,https://games.eastsea.xyz/elemental-td/,"arcade, casual, fun",
arcade,listed,Ember Glider,ember-glider,https://games.eastsea.xyz/ember-glider/,"arcade, casual, fun",
arcade,listed,Evolution Clicker - 진화 클리커,evolution-clicker,https://games.eastsea.xyz/evolution-clicker/,"arcade, casual, fun",
arcade,listed,Frequency — 주파수 매칭 퍼즐,frequency,https://games.eastsea.xyz/frequency/,"arcade, casual, fun",
arcade,listed,Fruit Slice - 과일 슬라이스,fruit-slice,https://games.eastsea.xyz/fruit-slice/,"arcade, casual, fun",Fruit Slice - 과일 슬라이스 — 브라우저에서 바로 플레이!
arcade,listed,Goalie Glide - 골리 글라이드,goalie-glide,https://games.eastsea.xyz/goalie-glide/,"arcade, casual, fun",
arcade,listed,Golem Workshop - 골렘 공방 타이쿤,golem-workshop,https://games.eastsea.xyz/golem-workshop/,"arcade, casual, fun",
arcade,listed,Gravity Archer — 중력 조준 아케이드,gravity-archer,https://games.eastsea.xyz/gravity-archer/,"arcade, action, physics, retro, shooter",LOW/MED/HIGH 3단계 중력 계수를 실시간 전환하여 화살 포물선 궤도를 조절하고 낙하하는 적을 격추하는 물리 아케이드. 중력 레벨 전환이 핵심 고유 메카닉. 레트로 8비트 팔레트.
arcade,listed,Gravity Calligraphy Duel — 그래비티 캘리그래피 듀얼,gravity-calligraphy-duel,https://games.eastsea.xyz/gravity-calligraphy-duel/,"arcade, casual, fun",세 개의 중력 우물 모드를 전환해 잉크 오브 궤적을 휘게 만들고 상단 게이트를 통과시키는 정밀 물리 아케이드. 웨이브/생명/최고기록 제공.
arcade,listed,Gravity Garden — 중력 정원,gravity-garden,https://games.eastsea.xyz/gravity-garden/,"arcade, casual, fun",
arcade,listed,Gravity Orbit,gravity-orbit,https://games.eastsea.xyz/gravity-orbit/,"arcade, casual, fun",
arcade,listed,Grid Stampede — 그리드 스탬피드,grid-stampede,https://games.eastsea.xyz/grid-stampede/,"arcade, action, lasso, cattle, retro, 8bit","라쏘 링을 탭으로 던져 소떼를 부스트하고 늑대를 스턴하는 Lasso Surge 고유 메카닉. 웨이브마다 늑대 속도 증가, 콤보 배율 최대 ×5. 레트로 8비트 픽셀 팔레트."
arcade,listed,Hex Merge Puzzle,hex-merge-puzzle,https://games.eastsea.xyz/hex-merge-puzzle/,"arcade, action, casual",
arcade,listed,Hue Shift — 색상 파장 퍼즐,hue-shift,https://games.eastsea.xyz/hue-shift/,"arcade, casual, fun",
arcade,listed,Ion Drift Warden — 코어 실드 디펜스,ion-drift-warden,https://games.eastsea.xyz/ion-drift-warden/,"arcade, casual, fun",회전 실드 아크로 외곽 이온탄을 반사해 코어를 지키는 무한 방어 게임. 반사 타이밍 기반 점수와 Tier 난이도 상승 포함.
arcade,listed,Junkyard Joule Juggler — 정크야드 줄 저글러,junkyard-joule-juggler,https://games.eastsea.xyz/junkyard-joule-juggler/,"arcade, casual, fun",극성 모드를 전환하며 낙하 배터리를 받아내고 폭탄을 회피하는 반응형 정크야드 아케이드. 콤보/라이프/최고기록 저장 제공.
arcade,listed,Lava Jump,lava-jump,https://games.eastsea.xyz/lava-jump/,"arcade, casual, fun",
arcade,listed,Lexi Laser Word Search,lexi-laser-word-search,https://games.eastsea.xyz/lexi-laser-word-search/,"arcade, casual, fun",
arcade,listed,Lights Out,lights-out,https://games.eastsea.xyz/lights-out/,"arcade, casual, fun",
arcade,listed,Mahjong Zen,mahjong-zen,https://games.eastsea.xyz/mahjong-zen/,"arcade, casual, fun",
arcade,listed,Math Quiz Rush - Speed Math,math-quiz-rush,https://games.eastsea.xyz/math-quiz-rush/,"racing, speed, driving",
arcade,listed,Math Sprint,math-sprint,https://games.eastsea.xyz/math-sprint/,"arcade, casual, fun",
arcade,listed,Meteor Blitz — 메테오 블리츠,meteor-blitz,https://games.eastsea.xyz/meteor-blitz/,"arcade, action, shockwave, minimal, survive",꾹 눌러 충전 후 해제하면 충격파 링이 팽창하여 반경 내 운석을 격파하는 Phase Burst 고유 메카닉. 충전량에 따라 폭발 반경 조절. 파도형 운석 급증으로 생존 압박. 미니멀 레트로 팔레트.
arcade,listed,Meteor Noodle Kiosk — 메테오 누들 키오스크,meteor-noodle-kiosk,https://games.eastsea.xyz/meteor-noodle-kiosk/,"arcade, casual, fun",주문 슬롯을 선택해 육수/토핑 조합을 맞춘 뒤 제한시간 내 서빙하는 타임매니지먼트 아케이드. 스트릭과 만료 리스크 관리 포함.
arcade,listed,Minesweeper,minesweeper,https://games.eastsea.xyz/minesweeper/,"arcade, casual, fun",
arcade,listed,Mirror Run — 거울 대칭 동시 조작 러너,mirror-run,https://games.eastsea.xyz/mirror-run/,"arcade, casual, fun",
arcade,listed,Mole Bash,mole-bash,https://games.eastsea.xyz/mole-bash/,"arcade, casual, fun",Mole Bash — 브라우저에서 바로 플레이!
arcade,listed,Monster Forge - 몬스터 대장간,monster-forge,https://games.eastsea.xyz/monster-forge/,"arcade, casual, fun",
arcade,listed,Mythic Postal Panic — 미식 포스탈 패닉,mythic-postal-panic,https://games.eastsea.xyz/mythic-postal-panic/,"arcade, casual, fun",컨베이어로 밀려오는 룬 소포를 A/S/D/F 또는 터치 스탬프로 처리하는 하이템포 패턴 매칭 아케이드. 콤보 배율·속도 상승·최고 기록 저장 제공.
arcade,listed,Orbit Bounce,orbit-bounce,https://games.eastsea.xyz/orbit-bounce/,"arcade, casual, fun",
arcade,listed,Orbital Packet Weaver — 오비탈 패킷 위버,orbital-packet-weaver,https://games.eastsea.xyz/orbital-packet-weaver/,"arcade, casual, fun","3채널 수신기를 전환하며 같은 색 패킷을 포착하는 반응형 아케이드. 터치/키보드, Web Audio, 최고 점수 저장 지원."
arcade,listed,Orbital Sling — 중력 슬링샷 퍼즐,orbital-sling,https://games.eastsea.xyz/orbital-sling/,"arcade, casual, fun",
arcade,listed,Paint Flood,paint-flood,https://games.eastsea.xyz/paint-flood/,"arcade, casual, fun",
arcade,listed,Paper Plane Thermals — 페이퍼 플레인 서멀즈,paper-plane-thermals,https://games.eastsea.xyz/paper-plane-thermals/,"arcade, casual, fun",고도와 부스트를 제어해 열기류 링을 연속 통과하고 폭풍 구름을 회피하는 페이퍼 플레인 액션 러너.
arcade,listed,Penalty Pulse - 페널티 펄스,penalty-pulse,https://games.eastsea.xyz/penalty-pulse/,"arcade, casual, fun",
arcade,listed,Phase Walk — 위상 이동 스텔스 퍼즐,phase-walk,https://games.eastsea.xyz/phase-walk/,"arcade, casual, fun",
arcade,listed,Physics Roguelike,physics-roguelike,https://games.eastsea.xyz/physics-roguelike/,"arcade, casual, fun",
arcade,listed,Pixel Painter,pixel-painter,https://games.eastsea.xyz/pixel-painter/,"arcade, casual, fun",
arcade,listed,Pixel Sculptor — 복셀 조각 퍼즐,pixel-sculptor,https://games.eastsea.xyz/pixel-sculptor/,"arcade, casual, fun",
arcade,listed,Plasma Pong — 플라즈마 AI 듀얼,plasma-pong,https://games.eastsea.xyz/plasma-pong/,"arcade, casual, fun",플라즈마 볼을 반사하며 AI와 맞붙는 무한 모드 핑퐁. Expand/Slow/x2 파워업과 생명 3개 기반 하이스코어 경쟁.
arcade,listed,Polarity Dash — 자기장 아케이드,polarity-dash,https://games.eastsea.xyz/polarity-dash/,"arcade, action, shooter, retro, magnetic","N/S 극성 전환으로 적을 밀치거나 끌어당기는 자기장 슈터. 극성 일치 총알 2배 데미지, 콤보 점수 폭발. 레트로 8비트 팔레트."
arcade,listed,Pulse Grid — 맥박 전파 리듬 퍼즐,pulse-grid,https://games.eastsea.xyz/pulse-grid/,"arcade, casual, fun",
arcade,listed,Pulse Lantern Orbit,pulse-lantern-orbit,https://games.eastsea.xyz/pulse-lantern-orbit/,"arcade, casual, fun",
arcade,listed,Pulse Orchard — 수확/정화 모드 러시,pulse-orchard,https://games.eastsea.xyz/pulse-orchard/,"arcade, casual, fun",5레인에서 Harvest/Purge 모드를 전환해 ripe/thorn 낙하 오브젝트를 처리하는 무한 오차드 액션. 시즌 Tier와 콤보 점수 지원.
arcade,listed,Reaction Time - 반응속도 측정,reaction-time,https://games.eastsea.xyz/reaction-time/,"arcade, casual, fun",
arcade,listed,Retro Ricochet — 레트로 리코셈,retro-ricochet,https://games.eastsea.xyz/retro-ricochet/,"arcade, action, retro, 8bit, ricochet, bounce, minimal",드래그로 각도를 조준하고 공을 발사해 벽에 햄겨 블록을 파괴하는 레트로 8비트 아케이드. 체인 연격으로 COMBO 보너스를 노리세요. 한정된 발사 횟수로 모든 블록 갱파.
arcade,listed,Reversi ⚫⚪,reversi,https://games.eastsea.xyz/reversi/,"arcade, casual, fun",
arcade,listed,Rhythm Forge — 리듬 대장간,rhythm-forge,https://games.eastsea.xyz/rhythm-forge/,"arcade, casual, fun",
arcade,listed,Rhythm Reactor,rhythm-reactor,https://games.eastsea.xyz/rhythm-reactor/,"arcade, casual, fun",
arcade,listed,Rhythm Tap,rhythm-tap,https://games.eastsea.xyz/rhythm-tap/,"arcade, casual, fun",Rhythm Tap — 브라우저에서 바로 플레이!
arcade,listed,Rope Swing,rope-swing,https://games.eastsea.xyz/rope-swing/,"arcade, casual, fun",
arcade,listed,Shadow Cast — 그림자 투영 퍼즐,shadow-cast,https://games.eastsea.xyz/shadow-cast/,"arcade, casual, fun",
arcade,listed,Shrink Escape — 크기 변환 퍼즐 플랫포머,shrink-escape,https://games.eastsea.xyz/shrink-escape/,"arcade, casual, fun",
arcade,listed,Signal Chain — 신호 전파 타이밍 퍼즐,signal-chain,https://games.eastsea.xyz/signal-chain/,"arcade, casual, fun",
arcade,listed,Signal Sprint Racer,signal-sprint-racer,https://games.eastsea.xyz/signal-sprint-racer/,"racing, speed, driving",
arcade,listed,Sky Lantern Sprint,sky-lantern-sprint,https://games.eastsea.xyz/sky-lantern-sprint/,"arcade, casual, fun",
arcade,listed,Snake Classic,snake-classic,https://games.eastsea.xyz/snake-classic/,"arcade, casual, fun",Snake Classic — 브라우저에서 바로 플레이!
arcade,listed,Soul Harvest - 다크 방치형 RPG,soul-harvest,https://games.eastsea.xyz/soul-harvest/,"arcade, casual, fun",
arcade,listed,Spell Crafter RPG - 마법 조합 로그라이크,spell-crafter-rpg,https://games.eastsea.xyz/spell-crafter-rpg/,"arcade, casual, fun",
arcade,listed,Spell Surge - 마법 서바이벌,spell-surge,https://games.eastsea.xyz/spell-surge/,"arcade, casual, fun",
arcade,listed,Spirit Ranch - 정령 목장,spirit-ranch,https://games.eastsea.xyz/spirit-ranch/,"arcade, casual, fun",
arcade,listed,Starforged Asteroid Miner,starforged-asteroid-miner,https://games.eastsea.xyz/starforged-asteroid-miner/,"arcade, casual, fun",
arcade,listed,Sushi Sprint,sushi-sprint,https://games.eastsea.xyz/sushi-sprint/,"arcade, casual, fun",
arcade,listed,Tap Sequence - 숫자 순서 기억하기,tap-sequence,https://games.eastsea.xyz/tap-sequence/,"arcade, casual, fun",
arcade,listed,Thermal Flow — 열전도 퍼즐,thermal-flow,https://games.eastsea.xyz/thermal-flow/,"arcade, casual, fun",
arcade,listed,Tower Stack,tower-stack,https://games.eastsea.xyz/tower-stack/,"arcade, casual, fun",Tower Stack — 브라우저에서 바로 플레이!
arcade,listed,Void Harvest Rush,void-harvest-rush,https://games.eastsea.xyz/void-harvest-rush/,"arcade, casual, fun",
arcade,listed,Voltage Bridge — 전압 회로 퍼즐,voltage-bridge,https://games.eastsea.xyz/voltage-bridge/,"arcade, casual, fun",
arcade,listed,Water Pour,water-pour,https://games.eastsea.xyz/water-pour/,"arcade, casual, fun",
arcade,listed,Waveform Rider — 파형 서핑 러너,waveform-rider,https://games.eastsea.xyz/waveform-rider/,"arcade, casual, fun",진폭/주파수를 실시간 조절해 사인파 궤적을 타고 장애물을 회피하는 무한 모드 액션.
arcade,listed,Whack-a-Mole - 두더지 잡기,whack-a-mole,https://games.eastsea.xyz/whack-a-mole/,"arcade, casual, fun",
arcade,listed,Wind Garden Forge - 윈드 가든 포지,wind-garden-forge,https://games.eastsea.xyz/wind-garden-forge/,"arcade, casual, fun",
arcade,listed,Word Chain Blast,word-chain-blast,https://games.eastsea.xyz/word-chain-blast/,"arcade, casual, fun",
arcade,listed,Word Search — Find Hidden Words!,word-search-creator,https://games.eastsea.xyz/word-search-creator/,"arcade, casual, fun",
arcade,listed,Zenith Ziplane Rescue — 제니스 지플레인 레스큐,zenith-ziplane-rescue,https://games.eastsea.xyz/zenith-ziplane-rescue/,"arcade, casual, fun","고도와 부스트를 제어해 조난자를 태우고 베이스에 하차시키는 스카이 구조 아케이드. 터치/키보드, Web Audio, 최고 구조 수 저장 지원."
arcade,listed,⚫ Gomoku,gomoku,https://games.eastsea.xyz/gomoku/,"arcade, casual, fun",
arcade,listed,✨ Glow Grid,glow-grid,https://games.eastsea.xyz/glow-grid/,"arcade, casual, fun",
arcade,listed,던전 다이스 — Dungeon Dice,dungeon-dice,https://games.eastsea.xyz/dungeon-dice/,"arcade, casual, fun",
arcade,listed,삼국지 SNAP,sanguo-snap,https://games.eastsea.xyz/sanguo-snap/,"arcade, casual, fun",
arcade,listed,️ Spot the Odd,spot-the-odd,https://games.eastsea.xyz/spot-the-odd/,"arcade, casual, fun",
arcade,listed,🐍 Pixel Snake,pixel-snake,https://games.eastsea.xyz/pixel-snake/,"arcade, casual, fun",🐍 Pixel Snake — 브라우저에서 바로 플레이!
defense,listed,Inkfield Bastion — 잉크필드 바스티온,inkfield-bastion,https://games.eastsea.xyz/inkfield-bastion/,"defense, sandbox, terrain",전류/수지 잉크로 타일 속성을 바꿔 포탑 활성 조건과 적 속도를 제어하는 환경 변형 디펜스.
puzzle,listed,Balance Beacon Foundry — 밸런스 비컨 파운드리,balance-beacon-foundry,https://games.eastsea.xyz/balance-beacon-foundry/,"puzzle, brain, logic","좌우 플랫폼에 무게 블록을 투하해 기울기 임계치를 버티는 밸런스 퍼즐. 터치/키보드, Web Audio, 최고 점수 저장 지원."
puzzle,listed,Ball Sort Puzzle,ball-sort,https://games.eastsea.xyz/ball-sort/,"puzzle, brain, logic",
puzzle,listed,Block Line Clear,block-line-clear,https://games.eastsea.xyz/block-line-clear/,"puzzle, brain, logic",
puzzle,listed,Bloom Cascade — 개화 연쇄 퍼즐,bloom-cascade,https://games.eastsea.xyz/bloom-cascade/,"puzzle, strategy, cascade, watercolor","5x5 꽃봉오리 격자에서 에너지를 충전해 개화시키면, 같은 색 인접 꽃에 에너지가 전파되어 연쇄 개화를 일으키는 전략 퍼즐. 제한된 탭 횟수 안에 모든 꽃을 피우는 고유 Bloom Cascade 메카닉. 수채화 파스텔 팔레트."
puzzle,listed,Braille Beacon Operator — 브라유 비컨 오퍼레이터,braille-beacon-operator,https://games.eastsea.xyz/braille-beacon-operator/,"education, learning, quiz",6-dot 점자 비콘 패턴을 보고 4지선다 문자 입력으로 해독하는 60초 학습형 반응 아케이드. 콤보 점수·시간 페널티·최고기록 저장 지원.
puzzle,listed,Brain Teaser,brain-teaser,https://games.eastsea.xyz/brain-teaser/,"puzzle, brain, logic",
puzzle,listed,Chain Reaction — 연쇄 폭발 퍼즐,chain-reaction,https://games.eastsea.xyz/chain-reaction/,"puzzle, brain, logic",Chain Reaction — 연쇄 폭발 퍼즐 — 브라우저에서 바로 플레이!
puzzle,listed,Chrono Coral Loom — 크로노 코랄 룸,chrono-coral-loom,https://games.eastsea.xyz/chrono-coral-loom/,"puzzle, brain, logic","5x5 산호 직조 보드에서 선택 셀의 행·열 위상을 반전해 목표 패턴을 맞추는 논리 퍼즐. 터치/키보드 조작, Web Audio 피드백, 최고 스테이지 저장 지원."
puzzle,listed,Cipher Garden Weaver — 사이퍼 가든 위버,cipher-garden-weaver,https://games.eastsea.xyz/cipher-garden-weaver/,"puzzle, brain, logic","5x5 코드 정원에서 선택 칸+인접 칸을 반전해 목표 패턴을 맞추는 논리 퍼즐. 터치/키보드 조작, 라운드 진행, 최고 스테이지 localStorage 저장 지원."
puzzle,listed,Cipher Lock — 암호 해독 타임어택,cipher-lock,https://games.eastsea.xyz/cipher-lock/,"puzzle, brain, logic",정확 자리·유사 자리 피드백을 해석해 제한 시간 안에 비밀 코드를 찾는 10레벨 암호 퍼즐.
puzzle,listed,Color Merge,color-merge,https://games.eastsea.xyz/color-merge/,"puzzle, brain, logic",
puzzle,listed,Constellation Knot Forge — 컨스텔레이션 노트 포지,constellation-knot-forge,https://games.eastsea.xyz/constellation-knot-forge/,"puzzle, brain, logic","5x5 성좌 보드에서 행·열 매듭을 반전해 목표 별자리 패턴을 복원하는 라운드 퍼즐. 터치/키보드, Web Audio, 최고 라운드 저장 지원."
puzzle,listed,Conveyor Sort Factory,conveyor-sort,https://games.eastsea.xyz/conveyor-sort/,"puzzle, brain, logic",
puzzle,listed,Dewdrop Maze — 이슬방울 미로,dewdrop-maze,https://games.eastsea.xyz/dewdrop-maze/,"puzzle, routing, watercolor, pastel, strategy, grid",나뤷잎 가이드를 격자에 배치해 떨어지는 색 이슬방울을 matching 꽃에 흘려보내는 수체화 라우팅 퍼즐. 나뤷잎 배치 한도 내에서 최적 경로 설계. 파스텔 수체화 팔레트.
puzzle,listed,Drift Pilot — 드리프트 파일럿,drift-pilot,https://games.eastsea.xyz/drift-pilot/,"puzzle, space, physics, gravity, slingshot",연료 소모와 중력장 슬링샷으로 우주선을 조종해 보석을 수집하고 출구에 도달하는 물리 퍼즐. 5레벨. 모바일 드래그 조작 지원.
puzzle,listed,Echo Chamber — 음파 반사 퍼즐,echo-chamber,https://games.eastsea.xyz/echo-chamber/,"puzzle, brain, logic",발사한 음파를 벽/반사판에 반사시켜 타겟에 도달시키는 10레벨 각도 퍼즐. 드래그·키보드 조준 및 Web Audio 피드백 지원.
puzzle,listed,Echo Grid — 에코 그리드 퍼즐,echo-grid,https://games.eastsea.xyz/echo-grid/,"puzzle, strategy, grid, logic, pastel",셀을 탭하면 자신과 인접 4칸 값이 +1 순환 증가하는 Echo Pulse 메카닉. 제한된 탭 횟수 안에 모든 칸을 목표 값으로 맞추는 고유 전략 퍼즐. 파스텔 팔레트 4단계 색상.
puzzle,listed,Echo Mosaic Forge — 에코 모자이크 포지,echo-mosaic-forge,https://games.eastsea.xyz/echo-mosaic-forge/,"puzzle, brain, logic","재생된 톤·색 시퀀스를 기억해 4패드 입력으로 재현하는 메모리 퍼즐. 라운드 상승에 따른 길이·속도 증가, 라이프·콤보·최고 기록 저장 지원."
puzzle,listed,Echo Navigator,echo-navigator,https://games.eastsea.xyz/echo-navigator/,"sonar, exploration, sound, maze",Navigate dark chambers using sonar pulses. Sound reveals terrain — find the exit before echoes run out.
puzzle,listed,Emoji Match - Memory Game,emoji-match,https://games.eastsea.xyz/emoji-match/,"puzzle, brain, logic",
puzzle,listed,Ferrofluid Sculptor Lab — 페로플루이드 스컬프터 랩,ferrofluid-sculptor-lab,https://games.eastsea.xyz/ferrofluid-sculptor-lab/,"puzzle, brain, logic","5x5 자성 격자의 강도를 조절해 목표 실루엣을 복원하는 패턴 조각 퍼즐. 화살표/터치 입력, move budget 압박, 최고 stage·score 저장 지원."
puzzle,listed,Flow Connect - 플로우 커넥트,flow-connect,https://games.eastsea.xyz/flow-connect/,"puzzle, brain, logic",Flow Connect - 플로우 커넥트 — 브라우저에서 바로 플레이!
puzzle,listed,Frostbite Freight Fix — 프로스트바이트 프레이트 픽스,frostbite-freight-fix,https://games.eastsea.xyz/frostbite-freight-fix/,"puzzle, brain, logic","얼음 격자에서 드론을 미끄러뜨려 화물 상자를 목표 도크에 배치하는 슬라이드 물류 퍼즐. 방향키/터치 패드, 스테이지 리셋, 최고 클리어 단계·효율 점수 저장 지원."
puzzle,listed,Gear Train — 기어 비율 로직 퍼즐,gear-train,https://games.eastsea.xyz/gear-train/,"puzzle, brain, logic",중간 기어(8/12/16 teeth)를 배치해 출력 기어의 방향과 RPM을 맞추는 6레벨 메카닉 퍼즐. 터치/키보드 배치와 속도 계산 HUD 제공.
puzzle,listed,Gem Merge 2048 - 젬 머지 2048,gem-merge-2048,https://games.eastsea.xyz/gem-merge-2048/,"puzzle, brain, logic",Gem Merge 2048 - 젬 머지 2048 — 브라우저에서 바로 플레이!
puzzle,listed,Glyph Lantern Keeper — 글리프 랜턴 키퍼,glyph-lantern-keeper,https://games.eastsea.xyz/glyph-lantern-keeper/,"puzzle, brain, logic",4개의 등불 문양 시퀀스를 기억해 A/S/D/F 또는 터치로 재현하는 메모리-리듬 퍼즐. 라운드 확장과 콤보 기반 점수 경쟁 지원.
puzzle,listed,Glyph Vat Calibrator — 글리프 밧 캘리브레이터,glyph-vat-calibrator,https://games.eastsea.xyz/glyph-vat-calibrator/,"puzzle, brain, logic","5x5 배양 매트릭스에서 선택 셀+인접 셀을 토글해 목표 글리프 패턴을 맞추는 논리 퍼즐. 터치/키보드 조작, Web Audio 피드백, 최고 스테이지 저장 지원."
puzzle,listed,Gravity Shift — 중력 전환 블록 퍼즐,gravity-shift,https://games.eastsea.xyz/gravity-shift/,"puzzle, gravity, retro, 8bit, chain",화살표키로 중력 방향을 전환하면 8x10 그리드의 블록이 해당 벽으로 쏠린다. 3개 이상 같은 색이 연결되면 소거 — 연쇄 클리어로 체인 배율 획득. 레트로 8비트 팔레트. 스와이프 지원.
puzzle,listed,Hex Collapse,hex-collapse,https://games.eastsea.xyz/hex-collapse/,"puzzle, brain, logic",Hex Collapse — 브라우저에서 바로 플레이!
puzzle,listed,Hex Drop Puzzle,hex-drop,https://games.eastsea.xyz/hex-drop/,"puzzle, brain, logic",
puzzle,listed,Holo Thread Untangler — 홀로 스레드 언탱글러,holo-thread-untangler,https://games.eastsea.xyz/holo-thread-untangler/,"puzzle, brain, logic",노드를 드래그/키보드로 이동해 교차선을 0으로 만드는 6레벨 네트워크 퍼즐. 실시간 교차 계산과 최고 레벨 저장 제공.
puzzle,listed,Ice Slider - Puzzle Game,ice-slider,https://games.eastsea.xyz/ice-slider/,"puzzle, brain, logic",
puzzle,listed,Ink Flow — 수묵 경로 퍼즐,ink-flow,https://games.eastsea.xyz/ink-flow/,"puzzle, brain, logic",소스에서 목표까지 먹물 경로를 그리고 게이트를 모두 통과시키는 6레벨 수묵 퍼즐. 터치 드래그/키보드 경로 입력 및 localStorage 진행 저장.
puzzle,listed,Kintsugi Circuit — 긴츠기 서킷,kintsugi-circuit,https://games.eastsea.xyz/kintsugi-circuit/,"puzzle, brain, logic",깨진 회로 타일을 회전시켜 Source에서 Sink까지 전류를 연결하는 금빛 균열 테마의 복원 퍼즐.
puzzle,listed,Laser Maze Escape,laser-maze-escape,https://games.eastsea.xyz/laser-maze-escape/,"puzzle, thinking, logic",
puzzle,listed,Laser Reflect Puzzle,laser-reflect,https://games.eastsea.xyz/laser-reflect/,"puzzle, brain, logic",
puzzle,listed,Lattice Echo Assembler — 래티스 에코 어셈블러,lattice-echo-assembler,https://games.eastsea.xyz/lattice-echo-assembler/,"puzzle, brain, logic",5x5 격자에서 커서 위치의 행/열 펄스를 반전해 목표 파형을 맞추는 논리 퍼즐. 터치·키보드 동시 조작과 최고 스테이지 저장 제공.
puzzle,listed,Lighthouse Lens Labyrinth — 라이트하우스 렌즈 라비린스,lighthouse-lens-labyrinth,https://games.eastsea.xyz/lighthouse-lens-labyrinth/,"puzzle, brain, logic","거울 타일을 회전해 등대 광선을 모든 부표 타겟으로 연결하는 5스테이지 광학 퍼즐. 터치/키보드 회전, 점수·최고 스테이지 저장 지원."
puzzle,listed,Lumen Weave Atelier — 루멘 위브 아틀리에,lumen-weave-atelier,https://games.eastsea.xyz/lumen-weave-atelier/,"puzzle, brain, logic",3x3 직조판 셀 색상을 순환시켜 목표 패턴과 일치시키는 타임어택 퍼즐. 화살표/터치 입력과 스테이지 보너스 점수 지원.
puzzle,listed,Lunar Terrace Irrigator — 루나 테라스 이리게이터,lunar-terrace-irrigator,https://games.eastsea.xyz/lunar-terrace-irrigator/,"puzzle, brain, logic",타일 회전으로 시작 지점부터 목표 분화구까지 물길을 연결하는 5x5 배수로 퍼즐. 키보드/터치 동시 조작과 최고 스테이지 저장 제공.
puzzle,listed,Magnet Maze — 자석 극성 미로 탈출,magnet-maze,https://games.eastsea.xyz/magnet-maze/,"puzzle, brain, logic",N/S 극성을 전환해 자석의 흡인·반발을 활용하며 출구를 찾는 6레벨 미로 퍼즐.
puzzle,listed,Match 3D Zen,match-3d-zen,https://games.eastsea.xyz/match-3d-zen/,"puzzle, brain, logic",
puzzle,listed,Memory Cards,memory-cards,https://games.eastsea.xyz/memory-cards/,"puzzle, brain, logic",Memory Cards — 브라우저에서 바로 플레이!
puzzle,listed,Mirror Garden — 미러 가든,mirror-garden,https://games.eastsea.xyz/mirror-garden/,"puzzle, mirror, symmetry, pastel, watercolor",타일 하나를 탭하면 4개 방향이 동시에 색상 변경되는 Mirror Plant 고유 메카닉. 제한된 이동 횟수 안에 수채화 팔레트 대칭 패턴을 완성하는 전략 퍼즐. 5레벨 파스텔 수채화 팔레트.
puzzle,listed,Mirror Vault Heist — 미러 볼트 하이스트,mirror-vault-heist,https://games.eastsea.xyz/mirror-vault-heist/,"puzzle, brain, logic",대칭 이동하는 플레이어/미러 아바타를 동기 제어해 데이터 키를 회수하고 레이저 보안을 돌파하는 6스테이지 퍼즐 스텔스.
puzzle,listed,Monster Merge Arena - 몬스터 합성 배틀,monster-merge-arena,https://games.eastsea.xyz/monster-merge-arena/,"puzzle, brain, logic",
puzzle,listed,Morse Signal School — 모스 시그널 스쿨,morse-signal-school,https://games.eastsea.xyz/morse-signal-school/,"education, learning, quiz","모스 음향 신호를 해독해 문자를 맞추는 6레슨 교육형 리듬 퍼즐. 터치/키보드 입력, 콤보 점수, 최고 기록 저장 지원."
puzzle,listed,Mystic Merge TD,mystic-merge-td,https://games.eastsea.xyz/mystic-merge-td/,"puzzle, brain, logic",
puzzle,listed,Nebula Noise Cartographer — 네뷸라 노이즈 카토그래퍼,nebula-noise-cartographer,https://games.eastsea.xyz/nebula-noise-cartographer/,"puzzle, brain, logic","성운 노이즈 패턴을 듣고 4패드 입력으로 재현하는 오디오 메모리 퍼즐. 라운드 확장, 터치/키보드, Web Audio, 최고 라운드 저장 지원."
puzzle,listed,Nonogram,nonogram,https://games.eastsea.xyz/nonogram/,"puzzle, brain, logic",
puzzle,listed,Origami Rescue Grid — 오리가미 레스큐 그리드,origami-rescue-grid,https://games.eastsea.xyz/origami-rescue-grid/,"puzzle, brain, logic",화살표 타일을 회전해 종이 새를 출구까지 유도하는 6레벨 경로 퍼즐. 커서 조작/터치 회전과 경로 시뮬레이션 실행을 결합한 구조 복구 플레이.
puzzle,listed,Parity Lens Workshop — 패리티 렌즈 워크숍,parity-lens-workshop,https://games.eastsea.xyz/parity-lens-workshop/,"puzzle, brain, logic","5x5 렌즈 보드에서 선택 셀의 행/열 파리티를 반전해 목표 패턴을 맞추는 논리 퍼즐. 화살표·스페이스와 터치 입력, 최고 스테이지 localStorage 저장 지원."
puzzle,listed,Pixel Alchemist — 색상 조합 퍼즐,pixel-alchemist,https://games.eastsea.xyz/pixel-alchemist/,"puzzle, brain, logic",RGB 3원색을 정밀하게 조합해 타겟 색상에 근접하는 퍼즐. 정확도 점수와 최고 기록 저장 지원.
puzzle,listed,Prime Orbit Academy — 프라임 오빗 아카데미,prime-orbit-academy,https://games.eastsea.xyz/prime-orbit-academy/,"education, learning, quiz","소수/합성수 타깃 모드를 전환하며 낙하 숫자 포드를 분류하는 학습형 아케이드. 4레인 입력, 실시간 속도 상승, 최고 점수 저장 지원."
puzzle,listed,Prism Break — 빛 굴절 퍼즐,prism-break,https://games.eastsea.xyz/prism-break/,"puzzle, light, color, casual, strategy","빛 줄기를 거울과 프리즘으로 굴절시켜 색상 목표에 연결하는 5레벨 퍼즐 게임. 프리즘은 흰빛을 RGB로 분리, 광선 합성으로 새 색상 생성. 파스텔 팔레트."
puzzle,listed,Prism Split — 프리즘 분광 퍼즐,prism-split,https://games.eastsea.xyz/prism-split/,"puzzle, brain, logic",백색광을 RGB로 분광하고 미러 반사각을 조절해 색상 타겟을 맞추는 6레벨 광학 퍼즐.
puzzle,listed,Puzzle Rogue Dungeon,puzzle-rogue,https://games.eastsea.xyz/puzzle-rogue/,"puzzle, brain, logic",
puzzle,listed,Quantum Bounce — 양자 관측 반사 퍼즐,quantum-bounce,https://games.eastsea.xyz/quantum-bounce/,"puzzle, brain, logic",관측(Observe) 중에만 공이 실체화되어 벽에 반사되는 8레벨 양자 퍼즐. 터치 드래그 조준·키보드 홀드 관측·최고 레벨 저장 지원.
puzzle,listed,Quantum Fold,quantum-fold,https://games.eastsea.xyz/quantum-fold/,"origami, folding, spatial, paper",Fold 2D paper shapes to match target silhouettes. A minimalist origami puzzle game.
puzzle,listed,Quantum Quilt Cascade — 퀀텀 퀼트 캐스케이드,quantum-quilt-cascade,https://games.eastsea.xyz/quantum-quilt-cascade/,"puzzle, brain, logic","6x6 퀼트 보드에서 셀 파장 반전으로 목표 패턴을 맞추는 논리 퍼즐. 키보드·터치 조작, 힌트/셔플, 최고 라운드 localStorage 저장 지원."
puzzle,listed,Rune Resonance Smithy — 룬 레조넌스 스미시,rune-resonance-smithy,https://games.eastsea.xyz/rune-resonance-smithy/,"puzzle, brain, logic","4x4 룬 매트릭스의 행/열을 회전해 목표 공명 패턴을 복원하는 논리 퍼즐. 1~4/QWER 및 터치 버튼 동시 지원, 최고 스테이지 localStorage 저장."
puzzle,listed,Saffron Vault Alchemist — 사프란 볼트 알케미스트,saffron-vault-alchemist,https://games.eastsea.xyz/saffron-vault-alchemist/,"puzzle, brain, logic","3개 시약 채널 값을 조절해 목표 공식을 맞추는 배합 퍼즐. 라운드별 제한 시간/시도 횟수, 키보드·터치 입력, 최고 라운드 점수 저장 제공."
puzzle,listed,Seismograph Scribe — 세이스모그래프 스크라이브,seismograph-scribe,https://games.eastsea.xyz/seismograph-scribe/,"puzzle, brain, logic",이동하는 지진파 중심선을 따라 커서를 유지해 정확도·콤보를 쌓는 신호 추적 퍼즐. 75초 세션과 최고 기록 저장 지원.
puzzle,listed,Sigil Spin Vault — 시질 스핀 볼트,sigil-spin-vault,https://games.eastsea.xyz/sigil-spin-vault/,"puzzle, brain, logic",3중 링을 회전해 목표 문양 조합을 정렬하고 lock을 해제하는 타임·무브 압박 퍼즐. 키보드/터치 동시 조작과 최고 stage 저장 지원.
puzzle,listed,Signal Scramble — 신호 해독 퍼즐,signal-scramble,https://games.eastsea.xyz/signal-scramble/,"puzzle, brain, logic","노이즈가 섞인 3개 채널에서 반복 패턴을 찾아내는 신호 해독 퍼즐. 1/2/3 키와 터치 입력 지원, 난이도 점진 상승."
puzzle,listed,Simon Says,simon-says,https://games.eastsea.xyz/simon-says/,"puzzle, brain, logic",Simon Says — 브라우저에서 바로 플레이!
puzzle,listed,Slide Puzzle 15 - 숫자 슬라이드 퍼즐,slide-puzzle-15,https://games.eastsea.xyz/slide-puzzle-15/,"puzzle, brain, logic",Slide Puzzle 15 - 숫자 슬라이드 퍼즐 — 브라우저에서 바로 플레이!
puzzle,listed,Sokoban Puzzle,sokoban-puzzle,https://games.eastsea.xyz/sokoban-puzzle/,"puzzle, brain, logic",
puzzle,listed,Sudoku Generator — Classic Number Puzzle,sudoku-generator,https://games.eastsea.xyz/sudoku-generator/,"puzzle, brain, logic",
puzzle,listed,Sudoku Zen,sudoku-zen,https://games.eastsea.xyz/sudoku-zen/,"puzzle, brain, logic",
puzzle,listed,Tap Away Puzzle,tap-away,https://games.eastsea.xyz/tap-away/,"puzzle, brain, logic",
puzzle,listed,Tidal Choir Router — 타이달 콰이어 라우터,tidal-choir-router,https://games.eastsea.xyz/tidal-choir-router/,"puzzle, brain, logic","6x6 라우터 타일을 회전해 소스 파도를 모든 합창 타워로 연결하는 퍼즐. 터치/키보드, Web Audio, 최고 라운드 저장 지원."
puzzle,listed,Tidal Signal Cartographer — 타이달 시그널 카토그래퍼,tidal-signal-cartographer,https://games.eastsea.xyz/tidal-signal-cartographer/,"puzzle, brain, logic","5x5 해도 격자에서 신호 경로를 기억·재구성해 라운드를 확장하는 퍼즐. 터치/키보드, Web Audio, 최고 라운드 저장 지원."
puzzle,listed,Tile Flip — 양면 타일 뒤집기 전략,tile-flip,https://games.eastsea.xyz/tile-flip/,"puzzle, brain, logic",
puzzle,listed,Timeline Switchyard — 타임라인 스위치야드,timeline-switchyard,https://games.eastsea.xyz/timeline-switchyard/,"puzzle, brain, logic",Past/Future 타임라인을 전환하며 벽 배치를 바꿔 오브를 회수하고 출구를 찾는 6레벨 그리드 퍼즐.
puzzle,listed,Vault Echo Cartographer — 볼트 에코 카토그래퍼,vault-echo-cartographer,https://games.eastsea.xyz/vault-echo-cartographer/,"puzzle, brain, logic","재생된 에코 경로를 기억해 격자 입력으로 복원하는 오디오-메모리 매핑 퍼즐. 화살표/터치 입력, 오답 제한, 최고 단계·점수 저장 지원."
puzzle,listed,Vortex Forge — 보텍스 포지,vortex-forge,https://games.eastsea.xyz/vortex-forge/,"puzzle, timing, forge, alchemy, arcade",용광로 와류 속 금속 재료(철·구리·탄소·주석·금·보석)를 회전시키며 레시피에 맞는 두 재료가 단조 존에 정렬될 때 FORGE 타이밍으로 합금을 제련하는 아케이드 퍼즐.
puzzle,listed,Word Scramble,word-scramble,https://games.eastsea.xyz/word-scramble/,"puzzle, brain, logic",Word Scramble — 브라우저에서 바로 플레이!
puzzle,listed,머지 슬라임 - Merge Slime,merge-slime,https://games.eastsea.xyz/merge-slime/,"puzzle, brain, logic",
rhythm,listed,Cathedral Bell Conductor — 캐서드럴 벨 컨덕터,cathedral-bell-conductor,https://games.eastsea.xyz/cathedral-bell-conductor/,"rhythm, music, timing","4레인 종 타이밍 신호를 A/S/D/F 또는 터치로 맞추는 리듬 아케이드. Perfect/Good 판정, 콤보 배율, miss 관리와 최고 기록 저장 제공."
rhythm,listed,Crystal Echo Luthier — 크리스털 에코 루시어,crystal-echo-luthier,https://games.eastsea.xyz/crystal-echo-luthier/,"rhythm, music, timing",4개 크리스털 현 시퀀스를 듣고 A/S/D/F 또는 터치 패드로 재현하는 리듬-메모리 아케이드. 콤보·타이머·라이프 기반 라운드 진행과 최고 기록 저장 지원.
rhythm,listed,Sonic Loom Switchyard — 소닉 룸 스위치야드,sonic-loom-switchyard,https://games.eastsea.xyz/sonic-loom-switchyard/,"rhythm, music, timing","4개 레인의 비트 신호를 스위치 전환으로 게이트에 라우팅하는 리듬 퍼즐. Perfect/Good 판정, 체인 배율, 최고 점수 localStorage 저장 지원."
rhythm,listed,Tempo Smelter Director — 템포 스멜터 디렉터,tempo-smelter-director,https://games.eastsea.xyz/tempo-smelter-director/,"rhythm, music, timing","좌·중·우 용광로 라인에 떨어지는 비트를 타이밍 입력으로 처리해 과열을 막는 리듬 아케이드. 미스 시 heat 상승, 최고 점수 저장, 터치/키보드 동시 지원."
rhythm,listed,Tempo Tiles — BPM 러시 리듬 타일,tempo-tiles,https://games.eastsea.xyz/tempo-tiles/,"rhythm, music, timing",4레인 리듬 타일 무한 모드. BPM이 점진 상승하며 정확도·콤보·체력 기반으로 점수를 겨루는 터치/키보드 아케이드.
sim,listed,Ant Colony Tycoon - 개미 왕국 타이쿤,ant-colony-tycoon,https://games.eastsea.xyz/ant-colony-tycoon/,"simulation, management, strategy",
sim,listed,Auric Pollen Panic — 오릭 폴렌 패닉,auric-pollen-panic,https://games.eastsea.xyz/auric-pollen-panic/,"simulation, management, strategy","3개 생태 구역의 수분·꽃가루·병해를 액션으로 관리해 Hive를 지키는 운영 시뮬레이션. 1/2/3 + Q/W/E 및 터치 입력, Web Audio, 최고 점수 저장 지원."
sim,listed,Biome Shield Director — 바이옴 실드 디렉터,biome-shield-director,https://games.eastsea.xyz/biome-shield-director/,"simulation, management, strategy","3개 바이옴 돔의 온도·수분·방사선을 실시간 액션으로 안정화하는 운영 시뮬레이션. Q/W/E·터치 패널 입력, 최고 점수 저장 지원."
sim,listed,Bonsai Windkeeper — 분재 윈드키퍼,bonsai-windkeeper,https://games.eastsea.xyz/bonsai-windkeeper/,"simulation, management, strategy",세 분재의 수분·바람·광량 균형을 맞춰 vitality를 지키는 마이크로클라이밋 운영 시뮬레이션. 라운드 생존 기록 경쟁 지원.
sim,listed,Bounty Board - Idle Guild Management,bounty-board,https://games.eastsea.xyz/bounty-board/,"simulation, management, strategy",
sim,listed,Cloud Harvest Director — 클라우드 하비스트 디렉터,cloud-harvest-director,https://games.eastsea.xyz/cloud-harvest-director/,"simulation, management, strategy","응결·저수·분배 3개 채널을 실시간으로 조절해 수요 파동을 버티는 운영 시뮬레이션. 1/2/3 + Q/W/E 및 터치 입력, Web Audio, 최고 점수 저장 지원."
sim,listed,Cosmic Colony Idle - 우주 식민지 방치형,cosmic-colony-idle,https://games.eastsea.xyz/cosmic-colony-idle/,"simulation, management, strategy",
sim,listed,Dungeon Mine Tycoon - 던전 광산 타이쿤,dungeon-mine-tycoon,https://games.eastsea.xyz/dungeon-mine-tycoon/,"simulation, management, strategy",
sim,listed,Elemental Heroes Idle / 원소 영웅 방치형,elemental-heroes-idle,https://games.eastsea.xyz/elemental-heroes-idle/,"simulation, management, strategy",
sim,listed,Fishing Empire Idle,fishing-empire-idle,https://games.eastsea.xyz/fishing-empire-idle/,"simulation, management, strategy",
sim,listed,Foglift Freight Signal — 포그리프트 프레이트 시그널,foglift-freight-signal,https://games.eastsea.xyz/foglift-freight-signal/,"simulation, management, strategy",도착 화물을 COLD/FRAGILE/HEAVY/BIO 규칙 레인으로 분류하고 ECO/EXPRESS 모드를 전환해 콤보를 유지하는 항만 신호 시뮬레이션.
sim,listed,Fractal Forest — 프랙탈 가지치기,fractal-forest,https://games.eastsea.xyz/fractal-forest/,"simulation, management, strategy",L-system 기반 트리에서 가지치기로 목표 실루엣을 맞추는 6레벨 성장 시뮬 퍼즐. Undo/Reset 및 매칭률 HUD 제공.
sim,listed,Greenhouse Nightshift — 온실 나이트시프트,greenhouse-nightshift,https://games.eastsea.xyz/greenhouse-nightshift/,"simulation, management, strategy",히터·미스트·팬 출력을 조절해 온도/습도/CO₂를 목표 구간에 유지하는 6교대 온실 운영 시뮬레이션.
sim,listed,Gridshift Overseer — 전력망 오퍼레이터,gridshift-overseer,https://games.eastsea.xyz/gridshift-overseer/,"simulation, management, strategy",5기 발전기의 가동/냉각을 관리해 수요-공급 밸런스를 유지하는 무한 전력 시뮬레이션. 과열 트립과 정전을 통제하라.
sim,listed,Harbor Harmonics Dispatch — 하버 하모닉스 디스패치,harbor-harmonics-dispatch,https://games.eastsea.xyz/harbor-harmonics-dispatch/,"simulation, management, strategy","화물·전력·신뢰 3개 항만 채널을 실시간 Dispatch 액션으로 안정화해 90초 교대 근무를 버티는 운영 시뮬레이션. 터치/키보드 입력, Web Audio, 최고 점수 저장 지원."
sim,listed,Hologram Habitat Triage — 홀로그램 해비타트 트리아지,hologram-habitat-triage,https://games.eastsea.xyz/hologram-habitat-triage/,"simulation, management, strategy",4개 거주 모듈의 Oxygen/Heat/Stress를 실시간 안정화해 붕괴를 막는 운영 시뮬레이션. 키보드·터치 조작과 최고 점수 localStorage 저장 제공.
sim,listed,Idle Factory Empire,idle-factory-empire,https://games.eastsea.xyz/idle-factory-empire/,"simulation, management, strategy",
sim,listed,Idle Hero ⚔️,idle-hero,https://games.eastsea.xyz/idle-hero/,"simulation, management, strategy",
sim,listed,Micro Factory,micro-factory,https://games.eastsea.xyz/micro-factory/,"simulation, management, strategy",
sim,listed,Midnight Market Idle — 미드나이트 마켓 아이들,midnight-market-idle,https://games.eastsea.xyz/midnight-market-idle/,"simulation, management, idle","야시장 3개 라인을 운영하며 자동 수익과 수동 버스트를 결합해 성장하는 매니지먼트/방치형 하이브리드. 터치/키보드, Web Audio, 오프라인 수익 저장 지원."
sim,listed,Moonwell Microgrid Warden — 문웰 마이크로그리드 워든,moonwell-microgrid-warden,https://games.eastsea.xyz/moonwell-microgrid-warden/,"simulation, management, strategy",3개 지구를 선택해 Charge/Cool/Route/Support 운영 액션을 배분하며 Energy·Heat·Morale 붕괴를 막는 실시간 마이크로그리드 시뮬레이션.
sim,listed,Mycelium Signal Lab — 마이셀리움 시그널 랩,mycelium-signal-lab,https://games.eastsea.xyz/mycelium-signal-lab/,"simulation, management, strategy",3개 균사 구역의 수분·당분·전도도를 조절해 네트워크 안정도를 유지하는 실시간 바이오 시뮬레이션.
sim,listed,Nano Factory - 나노 팩토리,nano-factory,https://games.eastsea.xyz/nano-factory/,"simulation, management, strategy",
sim,listed,Orbit Weaver — 행성 궤도 설계,orbit-weaver,https://games.eastsea.xyz/orbit-weaver/,"simulation, management, strategy",중력 시뮬레이션으로 발사 벡터를 조절해 위성을 안정 궤도에 올리는 물리 퍼즐. 드래그/키보드 벡터 입력 지원.
sim,listed,Pixel Defense Tycoon,pixel-defense,https://games.eastsea.xyz/pixel-defense/,"simulation, management, strategy",
sim,listed,Planet Factory,planet-factory,https://games.eastsea.xyz/planet-factory/,"simulation, management, strategy",
sim,listed,Potion Craft Tycoon - 포션 조합 타이쿤,potion-craft-tycoon,https://games.eastsea.xyz/potion-craft-tycoon/,"simulation, management, strategy",
sim,listed,Quantum Kimchi Courier — 퀀텀 김치 코리어,quantum-kimchi-courier,https://games.eastsea.xyz/quantum-kimchi-courier/,"simulation, management, strategy","발효·포장·배송 3개 구역을 실시간으로 배분해 주문 파동을 버티는 운영 시뮬레이션. 1/2/3 + Q/W/E 및 터치 입력, Web Audio, 최고 수익 저장 지원."
sim,listed,Quasar Quota Keeper — 퀘이사 쿼터 키퍼,quasar-quota-keeper,https://games.eastsea.xyz/quasar-quota-keeper/,"simulation, management, strategy","전력·냉각·신뢰 지표를 액션 배분으로 안정화하며 웨이브를 버티는 운영 시뮬레이션. 터치/키보드, Web Audio, 최고 웨이브 저장 지원."
sim,listed,Reef Ledger Keeper — 리프 레저 키퍼,reef-ledger-keeper,https://games.eastsea.xyz/reef-ledger-keeper/,"simulation, management, strategy",정화·산호심기·순찰·연구 정책을 분기별로 선택해 산소/생물다양성/관광/예산 4지표를 균형 유지하는 해양 거버넌스 시뮬레이션.
sim,listed,Spore Colony — 세포 군체 시뮬,spore-colony,https://games.eastsea.xyz/spore-colony/,"simulation, management, strategy",분열·채집·업그레이드·정화로 에너지/영양/독성을 관리하는 무한 생존형 세포 군체 운영 게임.
sim,listed,Teahouse Rush Director — 티하우스 러시 디렉터,teahouse-rush-director,https://games.eastsea.xyz/teahouse-rush-director/,"simulation, management, strategy",Boil/Brew/Serve 3개 스테이션 상태를 실시간 조치로 유지하며 피크 타임 90초를 버티는 운영 시뮬레이션. 키보드/터치 입력과 최고 점수 저장 제공.
sim,listed,Thermal Drone Orchard — 서멀 드론 오차드,thermal-drone-orchard,https://games.eastsea.xyz/thermal-drone-orchard/,"simulation, management, strategy",3개 재배 구역의 온도·수분·병충해 지표를 스캔/관수/환기/방제로 제어해 Integrity를 유지하는 실시간 농업 운영 시뮬레이션.
sim,listed,Tidal Ledger Tycoon — 타이달 레저 타이쿤,tidal-ledger-tycoon,https://games.eastsea.xyz/tidal-ledger-tycoon/,"simulation, management, strategy","물류·에너지·복지 3개 항만 지표를 실시간으로 조정해 신뢰와 현금을 지키는 운영 시뮬레이션. 터치/키보드 입력, Web Audio 효과음, 최고 점수 저장 지원."
sim,listed,Tidal Signal Operator — 타이달 시그널 오퍼레이터,tidal-signal-operator,https://games.eastsea.xyz/tidal-signal-operator/,"simulation, management, strategy",파고·안개·조류를 모니터링하며 비콘/경고등/사이렌을 토글해 위험지수를 제어하는 항만 관제 시뮬레이션.
sim,listed,Voltaic Kite Rigger — 볼테익 카이트 리거,voltaic-kite-rigger,https://games.eastsea.xyz/voltaic-kite-rigger/,"simulation, management, strategy",폭풍권에서 3개 전력 연의 각도를 조절해 발전량과 안정도를 유지하는 실시간 운영 시뮬레이션. 키보드/터치 동시 조작과 최고 기록 저장 제공.
sim,listed,⚔️ Idle Dungeon Delver - 방치형 던전 클리커,idle-dungeon-delver,https://games.eastsea.xyz/idle-dungeon-delver/,"simulation, management, strategy",
sim,listed,⛏️ Void Miner Idle - 우주 채굴 방치형,void-miner-idle,https://games.eastsea.xyz/void-miner-idle/,"simulation, management, strategy",
sim,listed,주식왕 타이쿤 - Stock King Tycoon,stock-king-tycoon,https://games.eastsea.xyz/stock-king-tycoon/,"simulation, management, strategy",
simulation,listed,Ecosystem Engineer,ecosystem-engineer,https://games.eastsea.xyz/ecosystem-engineer/,"simulation, strategy, sandbox, ecology, nature",Build balanced ecosystems by placing flora and fauna. Manage food chains in 15 missions + sandbox mode!
simulation,listed,Woodkind Grove — 목재 숲 경영,woodkind-grove,https://games.eastsea.xyz/woodkind-grove/,"simulation, strategy, forest, ecology, cartoon","5x5 숲 격자에서 나무를 성장시키고 수확해 주문을 이행하는 생태계 균형 전략 시뮬. 과밀 시 병충해 자동 전파, 심기·시비·치료 3액션으로 목재와 평판을 동시 관리하는 고유 Ecosystem Balance 메카닉. 카툰 팔레트."
sports,listed,Catch Basket,catch-basket,https://games.eastsea.xyz/catch-basket/,"game, casual, html5",
sports,listed,⛳ Single Tap Golf,single-tap-golf,https://games.eastsea.xyz/single-tap-golf/,"game, casual, html5",
strategy,listed,Aether Farm Command — 에테르 팜 커맨드,aether-farm-command,https://games.eastsea.xyz/aether-farm-command/,"strategy, tactics, thinking",4개 농장 구역을 선택해 급수·충전·방제·수확 액션을 배분하는 리소스 전략 시뮬레이션. Day 사이클 위험 관리와 최고 수확 저장 지원.
strategy,listed,Alchemist's Tower - 연금술사의 탑,alchemist-tower,https://games.eastsea.xyz/alchemist-tower/,"strategy, tactics, thinking",
strategy,listed,Archive Automata Curator — 아카이브 오토마타 큐레이터,archive-automata-curator,https://games.eastsea.xyz/archive-automata-curator/,"strategy, tactics, thinking",3개 보관 섹션을 선택해 Scan/Repair/Cool/Reorder 액션을 배분하며 전력·열·혼잡을 제어하는 운영 전략 시뮬레이션. 웨이브 상승 압력과 최고 기록 저장 제공.
strategy,listed,Battleship,battleship,https://games.eastsea.xyz/battleship/,"strategy, tactics, thinking",
strategy,listed,Card War,card-war,https://games.eastsea.xyz/card-war/,"strategy, tactics, thinking",
strategy,listed,Chrono Loom Defender — 크로노 룸 디펜더,chrono-loom-defender,https://games.eastsea.xyz/chrono-loom-defender/,"strategy, tactics, thinking","4개 시간 레인의 균열을 위젯(Q/W/E) 배치로 봉합하는 실시간 라인 디펜스. 터치/키보드 동시 지원, 안정도·에너지 관리, 최고 라운드/점수 저장 제공."
strategy,listed,Civic Budget Commander — 시티 버짓 커맨더,civic-budget-commander,https://games.eastsea.xyz/civic-budget-commander/,"strategy, tactics, thinking",정책 카드를 선택해 예산·신뢰·치안·인프라 4자원을 균형 유지하는 무한 라운드 전략 경영 게임.
strategy,listed,Clockwork Reef Keeper — 클락워크 리프 키퍼,clockwork-reef-keeper,https://games.eastsea.xyz/clockwork-reef-keeper/,"strategy, tactics, thinking",3개 산호 존을 선택해 Clean/Seed/Shield 액션을 배분하며 압력 상승 환경에서 Health·Oxygen·Stress를 유지하는 운영 전략 시뮬레이션. 최고 wave·score 저장 제공.
strategy,listed,Dungeon Cards - Roguelike Deckbuilding,dungeon-cards,https://games.eastsea.xyz/dungeon-cards/,"strategy, tactics, thinking",
strategy,listed,Game Ratings Dashboard — eastsea.xyz,dashboard,https://games.eastsea.xyz/dashboard/,"strategy, tactics, thinking",
strategy,listed,Glacier Rescue Switchboard — 글레이셔 레스큐 스위치보드,glacier-rescue-switchboard,https://games.eastsea.xyz/glacier-rescue-switchboard/,"strategy, tactics, thinking","3개 빙하 구역의 긴급 구조 요청을 제한 시간 내 정확히 라우팅해 압력을 제어하는 실시간 관제 전략 게임. 키보드/터치 동시 조작, 체인 점수, 최고 기록 저장 지원."
strategy,listed,Hex Empire — 헥스 타일 전략,hex-empire,https://games.eastsea.xyz/hex-empire/,"strategy, tactics, thinking",Hex Empire — 헥스 타일 전략 — 브라우저에서 바로 플레이!
strategy,listed,Market Echo Arbitrage — 마켓 에코 아비트라지,market-echo-arbitrage,https://games.eastsea.xyz/market-echo-arbitrage/,"strategy, tactics, thinking",3개 시장 가격 스프레드를 읽어 매수·매도를 반복하며 제한 시간 내 순자산을 키우는 실시간 트레이딩 전략 게임. 최고 자산 localStorage 저장 지원.
strategy,listed,Orbital Triage Command — 오비탈 트리아지 커맨드,orbital-triage-command,https://games.eastsea.xyz/orbital-triage-command/,"strategy, tactics, thinking","4개 우주 모듈 손상을 실시간으로 관리하며 정거장 integrity를 지키는 긴급 대응 전략 게임. 1~4/QWE/Space와 터치 패널 동시 지원, 최고 wave·score 저장 제공."
strategy,listed,Paper Gate Arbiter — 페이퍼 게이트 아비터,paper-gate-arbiter,https://games.eastsea.xyz/paper-gate-arbiter/,"strategy, simulation, judgement",라운드마다 바뀌는 규정을 읽고 Approve/Inspect/Deny를 판단하는 서류 심사 전략 게임. 제한된 Inspect 토큰으로 정보 획득 비용을 관리하는 고유 메카닉 제공.
strategy,listed,Pocket Rune — 포켓 룬,pocket-rune,https://games.eastsea.xyz/pocket-rune/,"로그라이크, 덱빌더, 카드, 전략, RPG, roguelike","룬 카드를 조합해 던전을 돌파하는 5분 덱런. 같은 원소 2장 콤보로 화염·빙결·번개·그림자·비전 효과 발동. 3층 던전+보스, 유물 수집, STS식 적 의도 공개. 텔레그램 미니앱 최적화."
strategy,listed,Prism Port Authority — 프리즘 포트 오소리티,prism-port-authority,https://games.eastsea.xyz/prism-port-authority/,"strategy, tactics, thinking","Color·Temp·Priority 규칙식을 해석해 화물을 Dock 1~3으로 분류하는 실시간 항만 운영 전략 게임. 제한 시간 압박, 터치/키보드 입력, 최고 점수 저장 제공."
strategy,listed,Relic Auction Rush — 렐릭 옥션 러시,relic-auction-rush,https://games.eastsea.xyz/relic-auction-rush/,"strategy, tactics, thinking",3개 유물 로트 중 선택과 입찰 티어를 조합해 자산과 명성을 관리하는 리스크 경매 전략 게임. 라운드 진행과 최고 자산 저장 지원.
strategy,listed,Rogue Cards — 로그라이크 덱빌딩,rogue-cards,https://games.eastsea.xyz/rogue-cards/,"strategy, tactics, thinking",
strategy,listed,Rune Forge — 룬 포지,rune-forge,https://games.eastsea.xyz/rune-forge/,"로그라이크, 덱빌더, 카드, 전략, RPG","5원소 룬 카드를 합성해 강력한 효과를 발동하는 로그라이크 덱빌더. STS식 적 의도 공개 + 10가지 합성 조합으로 전략적 깊이 제공. 3층 던전, 45장 카드, 15유물, 18종 적."
strategy,listed,Sanguo Kill Team,sanguo-killteam,https://games.eastsea.xyz/sanguo-killteam/,"삼국지, 킬팀, 덱빌더, 전술, 로그라이크",삼국지 × 킬팀 × 덱빌더 로그라이크. 3인 분대를 카드로 지휘하는 전술 덱빌딩 게임.
strategy,listed,Sanguo: Deck of Kingdoms,sanguo-deckbuilder,/sanguo-deckbuilder/,"deckbuilder, roguelike, strategy, threeKingdoms","삼국지 로그라이크 덱빌더. 세력 충성도 시스템(위/촉/오), 무장 카드, 연환지계 합성. LittleJS 엔진."
strategy,listed,Tempo Tower — 리듬 빌딩 타워,tempo-tower,https://games.eastsea.xyz/tempo-tower/,"strategy, tactics, thinking",
strategy,listed,Tidal Vault Allocator — 타이달 볼트 알로케이터,tidal-vault-allocator,https://games.eastsea.xyz/tidal-vault-allocator/,"strategy, tactics, thinking",3개 구역에 Drain/Store/Shield 액션을 배정해 홍수·안정성·에너지를 균형 유지하는 턴 기반 운영 전략 시뮬레이션.
strategy,listed,Tower Siege,tower-siege,https://games.eastsea.xyz/tower-siege/,"strategy, tactics, thinking",
strategy,listed,Treaty Terminal Director — 트리티 터미널 디렉터,treaty-terminal-director,https://games.eastsea.xyz/treaty-terminal-director/,"strategy, tactics, thinking","외교 이슈 카드에 맞춰 지원·보호·개혁 액션을 선택해 Trust/Budget/Stability를 지키는 실시간 전략 시뮬레이션. 터치/키보드, Web Audio, 최고 점수 저장 지원."
strategy,listed,Void Garden Sentinel,void-garden-sentinel,https://games.eastsea.xyz/void-garden-sentinel/,"strategy, tactics, thinking",
strategy,listed,⚫ Checkers — Play vs AI,checkers-basic,https://games.eastsea.xyz/checkers-basic/,"strategy, tactics, thinking",
strategy,listed,컬트 타이쿤,cult-tycoon,https://games.eastsea.xyz/cult-tycoon/,"strategy, tactics, thinking",컬트 타이쿤 — 브라우저에서 바로 플레이!
strategy,listed,🖌️ Ink War — 실시간 영역 칠하기 전략,ink-war,https://games.eastsea.xyz/ink-war/,"strategy, tactics, thinking","터치/드래그로 인접 칸을 칠하며 AI와 실시간 영역 전쟁을 벌이는 60초 전략 게임. 잉크 게이지(3초 재충전), 잉크 폭탄·실드·드레인 스킬, 난이도별 AI 속도/전략 차등 지원."
uncategorized,listed,Accordion Vault,accordion-vault,https://games.eastsea.xyz/accordion-vault/,,"무료 수집 퍼즐 게임 Accordion Vault을(를) 브라우저에서 바로 플레이하세요. 키보드와 마우스/터치로 조작하며 진행 저장 지원, 점수 경쟁. 다운로드 없이 PC·모바일 모두 지원."
uncategorized,listed,Amber Harbor Ledger,amber-harbor-ledger,https://games.eastsea.xyz/amber-harbor-ledger/,,무료 시뮬레이션 게임 Amber Harbor Ledger을(를) 브라우저에서 바로 플레이하세요. 간단한 조작하며 . 다운로드 없이 PC·모바일 모두 지원.
uncategorized,listed,Asteroid Forge,asteroid-colony-builder,https://games.eastsea.xyz/asteroid-colony-builder/,,"무료 시뮬레이션 게임 Asteroid Forge을(를) 브라우저에서 바로 플레이하세요. 마우스/터치로 조작하며 진행 저장 지원, 다양한 레벨. 다운로드 없이 PC·모바일 모두 지원."
uncategorized,listed,Blade Parkour — J&J Games,blade-parkour,https://eastsea.xyz/games/blade-parkour/,,"무료 HTML5 게임 Blade Parkour — J&J Games을(를) 브라우저에서 바로 플레이하세요. 키보드와 마우스/터치로 조작하며 진행 저장 지원, 점수 경쟁. 다운로드 없이 PC·모바일 모두 지원."
uncategorized,listed,Citrus Shade Caravan,citrus-shade-caravan,https://games.eastsea.xyz/citrus-shade-caravan/,,무료 HTML5 게임 Citrus Shade Caravan을(를) 브라우저에서 바로 플레이하세요. 간단한 조작하며 . 다운로드 없이 PC·모바일 모두 지원.
uncategorized,listed,CRT Gravity Blitz — J&J Games,crt-gravity-blitz,https://eastsea.xyz/games/crt-gravity-blitz/,,"무료 HTML5 게임 CRT Gravity Blitz — J&J Games을(를) 브라우저에서 바로 플레이하세요. 키보드와 마우스/터치로 조작하며 진행 저장 지원, 점수 경쟁. 다운로드 없이 PC·모바일 모두 지원."
uncategorized,listed,Deep Angler,deep-angler,https://games.eastsea.xyz/deep-angler/,,"무료 해양 어드벤처 게임 Deep Angler을(를) 브라우저에서 바로 플레이하세요. 키보드와 마우스/터치로 조작하며 진행 저장 지원, 다양한 레벨. 다운로드 없이 PC·모바일 모두 지원."
uncategorized,listed,Fortress Frontier — J&J Games,fortress-frontier,https://eastsea.xyz/games/fortress-frontier/,,"무료 전략 디펜스 게임 Fortress Frontier — J&J Games을(를) 브라우저에서 바로 플레이하세요. 키보드와 마우스/터치로 조작하며 진행 저장 지원, 점수 경쟁. 다운로드 없이 PC·모바일 모두 지원."
uncategorized,listed,Harbor Thread Atelier,harbor-thread-atelier,https://games.eastsea.xyz/harbor-thread-atelier/,,무료 시뮬레이션 게임 Harbor Thread Atelier을(를) 브라우저에서 바로 플레이하세요. 간단한 조작하며 . 다운로드 없이 PC·모바일 모두 지원.
uncategorized,listed,Harvest Lane Broker,harvest-lane-broker,https://games.eastsea.xyz/harvest-lane-broker/,,무료 시뮬레이션 게임 Harvest Lane Broker을(를) 브라우저에서 바로 플레이하세요. 간단한 조작하며 . 다운로드 없이 PC·모바일 모두 지원.
uncategorized,listed,Idle Mine City,idle-mine-city,https://games.eastsea.xyz/idle-mine-city/,,"무료 시뮬레이션 게임 Idle Mine City을(를) 브라우저에서 바로 플레이하세요. 마우스/터치로 조작하며 진행 저장 지원, 다양한 레벨. 다운로드 없이 PC·모바일 모두 지원."
uncategorized,listed,K-Deck Arena,k-deck-arena,https://games.eastsea.xyz/k-deck-arena/,,"무료 배틀 아레나 게임 K-Deck Arena을(를) 브라우저에서 바로 플레이하세요. 키보드와 마우스/터치로 조작하며 진행 저장 지원, 점수 경쟁, 다양한 레벨. 다운로드 없이 PC·모바일 모두 지원."
uncategorized,listed,Lantern Loom Bazaar,lantern-loom-bazaar,https://games.eastsea.xyz/lantern-loom-bazaar/,,무료 HTML5 게임 Lantern Loom Bazaar을(를) 브라우저에서 바로 플레이하세요. 간단한 조작하며 . 다운로드 없이 PC·모바일 모두 지원.
uncategorized,listed,loadstone,loadstone,https://games.eastsea.xyz/loadstone/,,"Structural physics puzzle — place beams, steel & cables to build structures that survive real load tests."
uncategorized,listed,Magnet Dash,magnet-dash,https://games.eastsea.xyz/magnet-dash/,,"무료 액션 게임 Magnet Dash을(를) 브라우저에서 바로 플레이하세요. 키보드와 마우스/터치로 조작하며 진행 저장 지원, 다양한 레벨. 다운로드 없이 PC·모바일 모두 지원."
uncategorized,listed,Magnet Leap — J&J Games,magnet-leap,https://eastsea.xyz/games/magnet-leap/,,"무료 HTML5 게임 Magnet Leap — J&J Games을(를) 브라우저에서 바로 플레이하세요. 키보드와 마우스/터치로 조작하며 진행 저장 지원, 점수 경쟁. 다운로드 없이 PC·모바일 모두 지원."
uncategorized,listed,Maze Escape — Neon Labyrinth,maze-escape,https://games.eastsea.xyz/maze-escape/,,"무료 퍼즐 게임 Maze Escape — Neon Labyrinth을(를) 브라우저에서 바로 플레이하세요. 키보드와 마우스/터치로 조작하며 진행 저장 지원, 점수 경쟁, 다양한 레벨. 다운로드 없이 PC·모바일 모두 지원."
uncategorized,listed,Meadow Parcel Weavers,meadow-parcel-weavers,https://games.eastsea.xyz/meadow-parcel-weavers/,,무료 HTML5 게임 Meadow Parcel Weavers을(를) 브라우저에서 바로 플레이하세요. 간단한 조작하며 . 다운로드 없이 PC·모바일 모두 지원.
uncategorized,listed,Nectar Trail Courier,nectar-trail-courier,https://games.eastsea.xyz/nectar-trail-courier/,,꽃을 심고 벌의 비행 경로를 그려 주문 꿀을 완성하세요 — Nectar Trail Courier 퍼즐 전략 게임
uncategorized,listed,Neon Bounce Test — 네온 바운스 테스트,littlejs-test-bounce,https://games.eastsea.xyz/littlejs-test-bounce/,,"무료 HTML5 게임 Neon Bounce Test — 네온 바운스 테스트을(를) 브라우저에서 바로 플레이하세요. 마우스/터치로 조작하며 진행 저장 지원, 점수 경쟁. 다운로드 없이 PC·모바일 모두 지원."
uncategorized,listed,Neon Forge — J&J Games,neon-forge,https://eastsea.xyz/games/neon-forge/,,"무료 시뮬레이션 게임 Neon Forge — J&J Games을(를) 브라우저에서 바로 플레이하세요. 키보드와 마우스/터치로 조작하며 진행 저장 지원, 점수 경쟁, 다양한 레벨. 다운로드 없이 PC·모바일 모두 지원."
uncategorized,listed,Neon Ghost — 네온 고스트,neon-ghost,https://eastsea.xyz/games/neon-ghost/,,"무료 HTML5 게임 Neon Ghost — 네온 고스트 | Free HTML5 Echo Trail Game을(를) 브라우저에서 바로 플레이하세요. 키보드와 마우스/터치로 조작하며 진행 저장 지원, 점수 경쟁, 다양한 레벨. 다운로드 없이 PC·모바일 모두 지원."
uncategorized,listed,Neon Juggler,neon-juggler,https://games.eastsea.xyz/neon-juggler/,,"무료 HTML5 게임 Neon Juggler | 무료 HTML5 게임 Free HTML5 Game을(를) 브라우저에서 바로 플레이하세요. 키보드와 마우스/터치로 조작하며 진행 저장 지원, 점수 경쟁. 다운로드 없이 PC·모바일 모두 지원."
uncategorized,listed,Neon Orbit — J&J Games,neon-orbit,https://eastsea.xyz/games/neon-orbit/,,"무료 우주 탐험 게임 Neon Orbit — J&J Games을(를) 브라우저에서 바로 플레이하세요. 키보드와 마우스/터치로 조작하며 진행 저장 지원, 점수 경쟁, 다양한 레벨. 다운로드 없이 PC·모바일 모두 지원."
uncategorized,listed,Neon Pinball,neon-pinball,https://games.eastsea.xyz/neon-pinball/,,"무료 HTML5 게임 Neon Pinball | 무료 HTML5 게임 Free HTML5 Game을(를) 브라우저에서 바로 플레이하세요. 키보드와 마우스/터치로 조작하며 진행 저장 지원, 점수 경쟁. 다운로드 없이 PC·모바일 모두 지원."
uncategorized,listed,Neon Replaced,neon-replaced,https://games.eastsea.xyz/neon-replaced/,,"무료 HTML5 게임 Neon Replaced을(를) 브라우저에서 바로 플레이하세요. 키보드와 마우스/터치로 조작하며 진행 저장 지원, 점수 경쟁, 다양한 레벨. 다운로드 없이 PC·모바일 모두 지원."
uncategorized,listed,Neon Spiral — 네온 스파이럴,neon-spiral,https://eastsea.xyz/games/neon-spiral/,,"무료 HTML5 게임 Neon Spiral — 네온 스파이럴 | Free HTML5 Orbital Ring Game을(를) 브라우저에서 바로 플레이하세요. 키보드와 마우스/터치로 조작하며 진행 저장 지원, 점수 경쟁, 다양한 레벨. 다운로드 없이 PC·모바일 모두 지원."
uncategorized,listed,Orchard Signal Caravan,orchard-signal-caravan,https://games.eastsea.xyz/orchard-signal-caravan/,,무료 HTML5 게임 Orchard Signal Caravan을(를) 브라우저에서 바로 플레이하세요. 간단한 조작하며 . 다운로드 없이 PC·모바일 모두 지원.
uncategorized,listed,Pulp Route Allocator,pulp-route-allocator,https://games.eastsea.xyz/pulp-route-allocator/,,"무료 교통 관리 게임 Pulp Route Allocator을(를) 브라우저에서 바로 플레이하세요. 키보드와 마우스/터치로 조작하며 진행 저장 지원, 점수 경쟁. 다운로드 없이 PC·모바일 모두 지원."
uncategorized,listed,Quake Grid — J&J Games,quake-grid,https://eastsea.xyz/games/quake-grid/,,"무료 HTML5 게임 Quake Grid — J&J Games을(를) 브라우저에서 바로 플레이하세요. 키보드와 마우스/터치로 조작하며 진행 저장 지원, 점수 경쟁, 다양한 레벨. 다운로드 없이 PC·모바일 모두 지원."
uncategorized,listed,Relay Merge Raiders,relay-merge-raiders,https://games.eastsea.xyz/relay-merge-raiders/,,무료 퍼즐 게임 Relay Merge Raiders을(를) 브라우저에서 바로 플레이하세요. 간단한 조작하며 . 다운로드 없이 PC·모바일 모두 지원.
uncategorized,listed,Relay Rampart - 릴레이 램파트,relay-rampart,https://games.eastsea.xyz/relay-rampart/,,"무료 전략 디펜스 게임 Relay Rampart - 릴레이 램파트 | 무료 HTML5 게임을(를) 브라우저에서 바로 플레이하세요. 마우스/터치로 조작하며 진행 저장 지원, 점수 경쟁, 다양한 레벨. 다운로드 없이 PC·모바일 모두 지원."
uncategorized,listed,Sandcastle Siege,sandcastle-siege,https://games.eastsea.xyz/sandcastle-siege/,,무료 전략 디펜스 게임 Sandcastle Siege을(를) 브라우저에서 바로 플레이하세요. 마우스/터치로 조작하며 점수 경쟁. 다운로드 없이 PC·모바일 모두 지원.
uncategorized,listed,Shadow Council — 소셜 추론 게임,social-deduction,https://games.eastsea.xyz/social-deduction/,,무료 HTML5 게임 Shadow Council — 소셜 추론 게임을(를) 브라우저에서 바로 플레이하세요. 키보드와 마우스/터치로 조작하며 진행 저장 지원. 다운로드 없이 PC·모바일 모두 지원.
uncategorized,listed,Sigil Forge Rogue,sigil-forge-rogue,https://games.eastsea.xyz/sigil-forge-rogue/,,"무료 시뮬레이션 게임 Sigil Forge Rogue | 무료 HTML5 게임을(를) 브라우저에서 바로 플레이하세요. 마우스/터치로 조작하며 진행 저장 지원, 점수 경쟁, 다양한 레벨. 다운로드 없이 PC·모바일 모두 지원."
uncategorized,listed,Sunlit Buoy Forge,sunlit-buoy-forge,https://games.eastsea.xyz/sunlit-buoy-forge/,,무료 시뮬레이션 게임 Sunlit Buoy Forge을(를) 브라우저에서 바로 플레이하세요. 간단한 조작하며 . 다운로드 없이 PC·모바일 모두 지원.
uncategorized,listed,Sunlit Kite Mercantile,sunlit-kite-mercantile,https://games.eastsea.xyz/sunlit-kite-mercantile/,,무료 HTML5 게임 Sunlit Kite Mercantile을(를) 브라우저에서 바로 플레이하세요. 간단한 조작하며 . 다운로드 없이 PC·모바일 모두 지원.
uncategorized,listed,Sunpetal Magnet Foundry,sunpetal-magnet-foundry,https://games.eastsea.xyz/sunpetal-magnet-foundry/,,무료 HTML5 게임 Sunpetal Magnet Foundry을(를) 브라우저에서 바로 플레이하세요. 간단한 조작하며 . 다운로드 없이 PC·모바일 모두 지원.
uncategorized,listed,Sunset Road Blitz — J&J Games,sunset-road-blitz,https://eastsea.xyz/games/sunset-road-blitz/,,"무료 교통 관리 게임 Sunset Road Blitz — J&J Games을(를) 브라우저에서 바로 플레이하세요. 키보드와 마우스/터치로 조작하며 진행 저장 지원, 점수 경쟁. 다운로드 없이 PC·모바일 모두 지원."
uncategorized,listed,Terrace Seed Graft,terrace-seed-graft,https://games.eastsea.xyz/terrace-seed-graft/,,무료 HTML5 게임 Terrace Seed Graft을(를) 브라우저에서 바로 플레이하세요. 간단한 조작하며 . 다운로드 없이 PC·모바일 모두 지원.
uncategorized,listed,Tether Shield Ward,tether-shield-ward,https://games.eastsea.xyz/tether-shield-ward/,,"무료 HTML5 게임 Tether Shield Ward을(를) 브라우저에서 바로 플레이하세요. 키보드와 마우스/터치로 조작하며 진행 저장 지원, 점수 경쟁. 다운로드 없이 PC·모바일 모두 지원."
uncategorized,listed,Typing Speed — Neon Words,typing-speed,https://games.eastsea.xyz/typing-speed/,,"무료 HTML5 게임 Typing Speed — Neon Words을(를) 브라우저에서 바로 플레이하세요. 키보드와 마우스/터치로 조작하며 진행 저장 지원, 점수 경쟁, 다양한 레벨. 다운로드 없이 PC·모바일 모두 지원."
uncategorized,listed,Universal Design Quest,universal-design-quest,https://games.eastsea.xyz/universal-design-quest/,,"무료 생존 어드벤처 게임 Universal Design Quest을(를) 브라우저에서 바로 플레이하세요. 키보드와 마우스/터치로 조작하며 진행 저장 지원, 점수 경쟁, 다양한 레벨. 다운로드 없이 PC·모바일 모두 지원."
uncategorized,listed,Willow Barge Syndicate,willow-barge-syndicate,https://games.eastsea.xyz/willow-barge-syndicate/,,무료 HTML5 게임 Willow Barge Syndicate을(를) 브라우저에서 바로 플레이하세요. 간단한 조작하며 . 다운로드 없이 PC·모바일 모두 지원.
uncategorized,listed,레트로 레인 디펜스 — J&J Games,retro-lane-defense,https://eastsea.xyz/games/retro-lane-defense/,,"무료 전략 디펜스 게임 레트로 레인 디펜스 — J&J Games을(를) 브라우저에서 바로 플레이하세요. 키보드와 마우스/터치로 조작하며 진행 저장 지원, 점수 경쟁. 다운로드 없이 PC·모바일 모두 지원."
uncategorized,listed,룬스톤 심연 (Runestone Depths),runestone-depths,https://eastsea.xyz/games/runestone-depths/,,"무료 HTML5 게임 룬스톤 심연 (Runestone Depths) | J&J Games — 무료 HTML5 로그라이크을(를) 브라우저에서 바로 플레이하세요. 키보드와 마우스/터치로 조작하며 진행 저장 지원, 점수 경쟁, 다양한 레벨. 다운로드 없이 PC·모바일 모두 지원."
uncategorized,listed,묵던전 (Ink Dungeon),ink-dungeon,https://eastsea.xyz/games/ink-dungeon/,,"무료 생존 어드벤처 게임 묵던전 (Ink Dungeon) | J&J Games을(를) 브라우저에서 바로 플레이하세요. 키보드와 마우스/터치로 조작하며 진행 저장 지원, 점수 경쟁. 다운로드 없이 PC·모바일 모두 지원."
uncategorized,listed,부족 마을 건설사 — J&J Games,tribe-builder,https://eastsea.xyz/games/tribe-builder/,,"무료 HTML5 게임 부족 마을 건설사 — J&J Games을(를) 브라우저에서 바로 플레이하세요. 키보드와 마우스/터치로 조작하며 진행 저장 지원, 점수 경쟁. 다운로드 없이 PC·모바일 모두 지원."
uncategorized,listed,부족 정복 전쟁 — J&J Games,tribe-conquest,https://eastsea.xyz/games/tribe-conquest/,,"무료 HTML5 게임 부족 정복 전쟁 — J&J Games을(를) 브라우저에서 바로 플레이하세요. 키보드와 마우스/터치로 조작하며 진행 저장 지원, 점수 경쟁. 다운로드 없이 PC·모바일 모두 지원."
uncategorized,listed,세포합성소 (Cell Synthesis),cell-synthesis,https://eastsea.xyz/games/cell-synthesis/,,무료 세포 전략 게임 세포합성소 (Cell Synthesis) | J&J Games을(를) 브라우저에서 바로 플레이하세요. 키보드와 마우스/터치로 조작하며 진행 저장 지원. 다운로드 없이 PC·모바일 모두 지원.
uncategorized,listed,조약돌 골프 (Pebble Golf),pebble-golf,https://eastsea.xyz/games/pebble-golf/,,"무료 HTML5 게임 조약돌 골프 (Pebble Golf) | J&J Games을(를) 브라우저에서 바로 플레이하세요. 키보드와 마우스/터치로 조작하며 진행 저장 지원, 점수 경쟁. 다운로드 없이 PC·모바일 모두 지원."
uncategorized,listed,철왕관 연대기 (Ironveil Chronicle),ironveil-chronicle,https://eastsea.xyz/games/ironveil-chronicle/,,"무료 배틀 아레나 게임 철왕관 연대기 (Ironveil Chronicle) | J&J Games — 무료 HTML5 RPG을(를) 브라우저에서 바로 플레이하세요. 키보드와 마우스/터치로 조작하며 진행 저장 지원, 점수 경쟁. 다운로드 없이 PC·모바일 모두 지원."
uncategorized,listed,테라제네시스 (Terra Genesis),terra-genesis,https://eastsea.xyz/games/terra-genesis/,,"무료 HTML5 게임 테라제네시스 (Terra Genesis) | J&J Games을(를) 브라우저에서 바로 플레이하세요. 키보드와 마우스/터치로 조작하며 진행 저장 지원, 점수 경쟁. 다운로드 없이 PC·모바일 모두 지원."
uncategorized,listed,페어웨이 미니 골프 — J&J Games,fairway-mini-golf,https://eastsea.xyz/games/fairway-mini-golf/,,무료 HTML5 게임 페어웨이 미니 골프 — J&J Games을(를) 브라우저에서 바로 플레이하세요. 키보드와 마우스/터치로 조작하며 진행 저장 지원. 다운로드 없이 PC·모바일 모두 지원.
